{"cameraMode":{"drawMode":0,"name":"Shaded","section":"Shading Mode"},"sceneLighting":true,"audioPlay":false,"sceneViewState":{"showFog":true,"showMaterialUpdate":false,"showSkybox":true,"showFlares":true,"showImageEffects":true,"showParticleSystems":true},"in2DMode":false,"pivot":{"x":-6.651340484619141,"y":0.9418596029281616,"z":-1.5439443588256837},"rotation":{"x":0.06192992627620697,"y":-0.29204338788986208,"z":0.01895456574857235,"w":0.9542096853256226},"size":14.739249229431153,"orthographic":false}