{"cameraMode":{"drawMode":0,"name":"Shaded","section":"Shading Mode"},"sceneLighting":false,"audioPlay":false,"sceneViewState":{"showFog":true,"showMaterialUpdate":false,"showSkybox":true,"showFlares":true,"showImageEffects":true,"showParticleSystems":true},"in2DMode":false,"pivot":{"x":-0.44310760498046877,"y":2.2220354080200197,"z":-40.10052490234375},"rotation":{"x":-0.09056008607149124,"y":0.7974308133125305,"z":-0.12374759465456009,"w":-0.5836005210876465},"size":19.8719425201416,"orthographic":false}