{"cameraMode":{"drawMode":0,"name":"Shaded","section":"Shading Mode"},"sceneLighting":false,"audioPlay":false,"sceneViewState":{"showFog":true,"showMaterialUpdate":false,"showSkybox":true,"showFlares":true,"showImageEffects":true,"showParticleSystems":true},"in2DMode":false,"pivot":{"x":20.57112693786621,"y":0.3927106261253357,"z":10.24276065826416},"rotation":{"x":0.10422904789447785,"y":0.736084520816803,"z":-0.11648675799369812,"w":0.6585944890975952},"size":6.789072513580322,"orthographic":false}