{"cameraMode":{"drawMode":0,"name":"Shaded","section":"Shading Mode"},"sceneLighting":true,"audioPlay":false,"sceneViewState":{"showFog":true,"showMaterialUpdate":false,"showSkybox":true,"showFlares":true,"showImageEffects":true,"showParticleSystems":true},"in2DMode":false,"pivot":{"x":-137.8966064453125,"y":-281.1142883300781,"z":24.223669052124025},"rotation":{"x":-0.37147554755210879,"y":0.5672637820243836,"z":-0.3180166184902191,"w":-0.6626335382461548},"size":419.8840637207031,"orthographic":false}