{"cameraMode":{"drawMode":0,"name":"Shaded","section":"Shading Mode"},"sceneLighting":true,"audioPlay":false,"sceneViewState":{"showFog":true,"showMaterialUpdate":false,"showSkybox":true,"showFlares":true,"showImageEffects":true,"showParticleSystems":true},"in2DMode":false,"pivot":{"x":-89.00540924072266,"y":-7.003133773803711,"z":16.638259887695314},"rotation":{"x":0.04151957482099533,"y":-0.6543179154396057,"z":0.03602427616715431,"w":0.7542191743850708},"size":130.739990234375,"orthographic":false}