{"cameraMode":{"drawMode":0,"name":"Shaded","section":"Shading Mode"},"sceneLighting":false,"audioPlay":false,"sceneViewState":{"showFog":true,"showMaterialUpdate":false,"showSkybox":true,"showFlares":true,"showImageEffects":true,"showParticleSystems":true},"in2DMode":false,"pivot":{"x":37.50057601928711,"y":0.9510694146156311,"z":7.547469139099121},"rotation":{"x":0.22872374951839448,"y":-0.6525478363037109,"z":0.21657231450080872,"w":0.6891758441925049},"size":6.708561420440674,"orthographic":false}