{"cameraMode":{"drawMode":0,"name":"Shaded","section":"Shading Mode"},"sceneLighting":true,"audioPlay":false,"sceneViewState":{"showFog":true,"showMaterialUpdate":false,"showSkybox":true,"showFlares":true,"showImageEffects":true,"showParticleSystems":true},"in2DMode":false,"pivot":{"x":-184.30931091308595,"y":134.1198272705078,"z":80.30801391601563},"rotation":{"x":-0.038292087614536288,"y":-0.10025865584611893,"z":0.0038579762913286688,"w":-0.994216799736023},"size":557.2601318359375,"orthographic":false}