{"cameraMode":{"drawMode":0,"name":"Shaded","section":"Shading Mode"},"sceneLighting":true,"audioPlay":false,"sceneViewState":{"showFog":true,"showMaterialUpdate":false,"showSkybox":true,"showFlares":true,"showImageEffects":true,"showParticleSystems":true},"in2DMode":false,"pivot":{"x":32.818084716796878,"y":-1.2278919219970704,"z":-0.20654307305812837},"rotation":{"x":-0.13506515324115754,"y":-0.6914700269699097,"z":0.13400830328464509,"w":-0.6968991160392761},"size":27.430341720581056,"orthographic":false}