{"cameraMode":{"drawMode":0,"name":"Shaded","section":"Shading Mode"},"sceneLighting":true,"audioPlay":false,"sceneViewState":{"showFog":true,"showMaterialUpdate":false,"showSkybox":true,"showFlares":true,"showImageEffects":true,"showParticleSystems":true},"in2DMode":false,"pivot":{"x":553.8792724609375,"y":225.5609588623047,"z":-124.03026580810547},"rotation":{"x":0.027063513174653055,"y":0.18453671038150788,"z":0.005076821893453598,"w":-0.9824398756027222},"size":244.80935668945313,"orthographic":false}