{"cameraMode":{"drawMode":0,"name":"Shaded","section":"Shading Mode"},"sceneLighting":true,"audioPlay":false,"sceneViewState":{"showFog":true,"showMaterialUpdate":false,"showSkybox":true,"showFlares":true,"showImageEffects":true,"showParticleSystems":true},"in2DMode":false,"pivot":{"x":-276.3594055175781,"y":-48.55857467651367,"z":-106.85310363769531},"rotation":{"x":0.05609709396958351,"y":-0.7832225561141968,"z":0.07144360989332199,"w":0.6150702834129334},"size":302.7897033691406,"orthographic":false}