{"cameraMode":{"drawMode":0,"name":"Shaded","section":"Shading Mode"},"sceneLighting":false,"audioPlay":false,"sceneViewState":{"showFog":true,"showMaterialUpdate":false,"showSkybox":true,"showFlares":true,"showImageEffects":true,"showParticleSystems":true},"in2DMode":false,"pivot":{"x":39.9544563293457,"y":1.2985477447509766,"z":7.511284828186035},"rotation":{"x":0.1464761197566986,"y":-0.8527104258537293,"z":0.3741137981414795,"w":0.33386921882629397},"size":6.708561420440674,"orthographic":false}